Episode,Reward,Actor Loss,Critic Loss
1,-1069.0363576165748,0.049209348722361025,15.525730333328248
2,-1374.3089920864795,0.7288382835686207,47.56433628082275
3,-1662.6071699260165,1.7530256938934325,51.12036350250244
4,-1341.229417758705,3.76140904545784,51.62715919494629
5,-1341.7525956653544,9.238716862201692,54.394641914367675
6,-1116.8644294959083,17.95752419948578,57.939258670806886
7,-1296.3498437445485,27.643980865478515,61.61293514251709
8,-1529.679390517942,39.94000897407532,62.52148252487183
9,-1592.3517111499043,54.016169452667235,71.4026361656189
10,-1468.922571187491,70.29332479476929,93.02579524993897
11,-1638.6656116981253,82.06103950500489,119.66389564514161
12,-1684.1535903781576,90.0211784362793,127.90482215881347
13,-1779.8707298521167,99.33142353057862,146.2899983215332
14,-1760.331469586487,108.75018756866456,176.67846603393554
15,-1771.6072372166134,118.12914024353027,182.5247583770752
16,-1696.2824712726206,130.1170338821411,237.23332870483398
17,-1638.1256427799538,142.49662887573243,256.58901454925535
18,-1466.1881085592536,156.31517654418946,299.09374271392824
19,-1519.8243081284074,171.40502799987792,362.98109298706055
20,-1574.4909256798771,186.88481216430665,458.0978435516357
21,-1595.471901300327,200.89800422668458,449.2453731536865
22,-1589.1241959075826,219.44173805236815,461.67031341552735
23,-1536.8936603146483,234.73486122131348,582.427971572876
24,-1540.4611771875668,249.54403381347657,689.573412399292
25,-1573.582291176445,264.5306382751465,687.0768521881104
26,-1509.7333123227227,280.9783869934082,730.4372539520264
27,-1560.6544475367436,295.06324493408204,817.7244418334961
28,-1557.6214458318996,308.22942108154297,779.4621445465087
29,-1588.330772321518,318.35552536010744,1003.604379196167
30,-1567.0093965899412,329.2946508789062,1013.7729581451416
31,-1526.096150699314,336.1906329345703,926.5614482116699
32,-1482.4505536718582,343.7079518127441,1107.4351358032227
33,-1584.5554181037185,348.3200744628906,1042.3339427185058
34,-1568.6819211927293,352.750259552002,1051.9591772460938
35,-1496.0590977920283,359.7938691711426,996.7563442993164
36,-1367.6146870760617,365.3259767150879,1134.977021636963
37,-1511.656725212192,370.4136572265625,969.0944673919678
38,-1523.827751554189,375.3767932128906,1134.0356454467774
39,-1622.716118975934,378.0727784729004,1039.9958924865723
40,-1552.033752672763,380.2984544372559,1159.7671263122559
41,-1427.1794844970036,383.88742324829104,931.9135592651368
42,-1221.0715441511973,384.51427337646487,1164.3953570556641
43,-1561.91717269731,386.63576889038086,1142.9970166015626
44,-1519.0696294672107,385.25478073120115,1226.5774423980713
45,-1604.8510839326284,385.4012033081055,1203.208162536621
46,-1518.2344831755738,382.2521655273438,1022.5799822235108
47,-1568.5863211362148,379.3591455078125,1015.1207763671875
48,-1612.248991233175,376.846432800293,1170.3482302856446
49,-1539.2341350029155,375.26857788085937,1006.1806295013428
50,-1444.4503541267259,373.45191986083984,1017.9290544891358
51,-1523.122575778862,372.33619232177733,1004.0229957199097
52,-1607.1803433444659,370.447333984375,908.5340877532959
53,-1592.6024500314452,367.72611236572266,1006.7051795959472
54,-1355.535856490365,366.2327003479004,906.4349508666992
55,-1597.626703236385,363.24814712524415,970.0688188552856
56,-1620.2281389403925,361.8785285949707,789.1528261184692
57,-1622.0459169663472,360.6375053405762,761.6174283981323
58,-1570.5052047322479,359.04184463500974,768.4176477813721
59,-1541.596885457096,359.02552261352537,814.2761045455933
60,-1422.8752919211363,354.03192016601565,818.6970259857178
61,-1420.280713467166,350.34273529052734,759.6863585090637
62,-1426.1231094378263,348.6084895324707,746.6058352470397
63,-1428.0046571694081,344.4869123840332,732.0177591705323
64,-1455.238660907647,341.15269256591796,766.5049020195007
65,-1313.3962351150958,338.736496887207,620.4970781898498
66,-1456.6419397687766,340.07417938232425,520.3747143363953
67,-1367.8785422970766,341.2648277282715,712.2849115943909
68,-1498.9869963131996,341.1320361328125,759.129579372406
69,-1476.7808547251152,339.6782800292969,705.7631530761719
70,-1171.1706453815707,338.76841522216796,692.3502248001099
71,-1507.499421810748,341.51080718994143,618.3957764244079
72,-1385.2420031663632,343.1899784851074,722.9109422874451
73,-1373.0774654915797,343.772685546875,674.3942865180969
74,-1305.7729449354379,346.89735458374025,776.1380978107452
75,-1392.924786828729,347.3206571960449,759.2247204303742
76,-1229.3114287768412,351.73033782958987,624.8315618515014
77,-1608.8656788841952,357.7576319885254,673.717661819458
78,-1248.6748575789886,363.89112396240233,641.9799235916138
79,-1702.7657382075276,369.0457666015625,695.9143215560913
80,-1712.216328346409,374.8628012084961,731.7246742534637
81,-1339.0394521626404,377.81750747680667,797.4862878894805
82,-1566.7613073544228,378.52979278564453,854.5672070884705
83,-1345.0890196802513,382.44056121826173,766.3558168315888
84,-1748.3383247413271,384.58688919067384,769.2632851409912
85,-1201.9890702697905,388.74089385986326,884.6853110218049
86,-1454.339174327309,391.79758163452146,818.6575692081451
87,-1618.5491482825382,398.1662112426758,704.6483207225799
88,-1028.9470207236013,403.4209133911133,866.3048124885559
89,-851.8499247191997,406.1642610168457,834.1129227542878
90,-1109.7583702467496,408.6989767456055,816.5025226593018
91,-1582.3338908858168,410.8426268005371,885.1303751277924
92,-1622.603098667747,414.4881860351563,825.0292794990539
93,-1427.5084057386246,414.5528517150879,985.4221457004547
94,-1674.0422645158596,416.0448030090332,871.189430770874
95,-1021.9846465169854,419.6843112182617,855.2895851516723
96,-1104.106387976699,418.7175241088867,1051.388671579361
97,-1780.7577462772904,418.15501556396487,987.1231485748291
98,-1779.1946602911744,416.0898265075684,989.5175345516204
99,-1310.2051063116153,416.9164179992676,958.0835404491424
100,-913.8268045559879,417.70412704467776,897.8466751384735
101,-1558.0597322993237,419.3806712341309,853.9948035335541
102,-1715.0440683045979,426.55091018676757,824.6383006954193
103,-1592.6753110997922,429.0843960571289,1008.5424999904633
104,-890.3368867395004,430.2302339172363,923.1541478157044
105,-1686.0485312332216,431.4048829650879,962.6207699584961
106,-1352.3214685258151,434.6214823913574,834.643773946762
107,-1255.0686520808483,439.4576182556152,865.2539231967926
108,-1694.302310302252,440.236044921875,1057.8048397016526
109,-1199.9638691775535,437.8005944824219,885.8237938690186
110,-1088.5016888219118,439.51224960327147,1037.685308418274
111,-1105.3201099913663,440.29726181030276,1062.7020020580292
112,-1235.389423302607,434.25060470581053,1049.9550652885437
113,-1200.3567960064875,429.9524545288086,896.2939991474152
114,-1165.7643790789116,427.43330001831055,982.3390885734558
115,-1503.1922226854376,422.72419662475585,893.1645676612854
116,-1349.5728668503311,419.68328735351565,950.4866659450531
117,-1156.1213888926566,420.0615701293945,824.9238083648681
118,-1152.3979172748034,419.79314697265625,901.0872101259232
119,-1160.0232712712043,417.5938204956055,841.978020401001
120,-1396.3539461944097,415.91712600708007,925.8052836418152
121,-1218.02954056695,411.4930229187012,900.8520007801056
122,-940.5248774474534,407.8312272644043,763.8107959604263
123,-910.6506502902064,403.8394300842285,895.1710753440857
124,-1234.2150876209098,401.32642776489257,835.238256559372
125,-1169.4692414404701,400.67971069335937,865.6670609664917
126,-1068.001495002845,401.2910855102539,750.0449876785278
127,-1275.1152005045944,399.0370745849609,1016.8700469970703
128,-1050.6366800194376,396.17970626831055,742.6133121585846
129,-1144.375929602898,396.0037083435059,829.4504139137268
130,-1355.231628154751,395.9848287963867,755.1735120677948
131,-826.7197182277846,392.64679626464846,787.4943854045868
132,-889.962007852993,391.2943916320801,679.2316044425964
133,-1038.5582580463574,390.5335855102539,852.3971881341935
134,-1005.0895258040417,388.57998611450193,799.0856469631195
135,-1190.4057268689282,387.631580657959,779.9604193210602
136,-1111.2788087179183,383.98136978149415,755.166001586914
137,-1150.4990214658715,382.32647399902345,762.5280477046966
138,-1091.3858073807496,380.4856066894531,778.8404387712478
139,-1408.2084743418886,378.79448150634767,785.3795497322083
140,-1282.2995388935883,376.11673645019533,756.3208343601227
141,-1040.2341379960312,375.36270721435545,747.9228818225861
142,-1063.6977903512025,375.7517645263672,668.6836856842041
143,-1439.1434800619165,379.0231217956543,746.5579652881622
144,-1444.9266681144131,379.8143882751465,795.4946153354645
145,-1267.1224259882651,380.2723150634766,791.4974371147156
146,-1134.8936531604888,384.7452911376953,825.984228849411
147,-1281.7115737322752,385.8967332458496,745.2751110458374
148,-1420.0488370829182,386.3378387451172,803.0856159496308
149,-1227.7666884999574,387.3076956176758,727.6699029636383
150,-1042.9880011054463,391.1651347351074,726.7560048866272
151,-1264.4286962190713,389.5505860900879,887.9580995368957
152,-1197.3643133999255,388.0604322814941,815.6691592502594
153,-1261.549843706883,384.8375288391113,907.3650525283814
154,-1073.6505608677896,384.8327445983887,659.9934788513184
155,-1218.4724753995024,388.94501220703125,808.4793439388275
156,-1161.1539896702989,384.71482330322266,965.1862041378022
157,-1193.168284389463,383.0549082946777,795.0075468921661
158,-1380.6475830854854,385.132797088623,771.7552320671082
159,-1313.7201338764755,387.64834823608396,847.5103765964508
160,-1199.2796007109664,390.85278030395506,703.0222674274445
161,-1254.9809806898547,395.3723892211914,787.0785721683502
162,-1100.8567947734693,394.7038842773438,755.7122069168091
163,-1034.2594826678635,392.3931280517578,798.2599935817718
164,-1129.0532491086265,388.6825546264648,762.1597156381607
165,-1331.5191410721445,386.9634489440918,721.361338262558
166,-1251.5486033294358,385.9574363708496,760.7027956581115
167,-1044.3511730802375,383.1675666809082,854.7179580402375
168,-1425.9865128412584,383.9008546447754,672.6685396289826
169,-1207.0667451653642,383.3927963256836,891.069036436081
170,-970.6171664019695,381.0691909790039,727.8807136631012
171,-1063.4006226368883,383.85339202880857,712.4295658683777
172,-1062.46455122486,384.00260284423825,746.4903945970535
173,-1233.6576663481974,384.96480911254883,731.1377084922791
174,-1341.6573335793653,381.8933723449707,843.275147562027
175,-1235.3328066842073,380.0072985839844,766.2570226049423
176,-1217.6657011928883,378.80577087402344,641.2538861989975
177,-1371.6501188391874,380.2471905517578,688.948234963417
178,-1055.6358988411473,381.02052520751954,744.7660717010498
179,-1017.066231095846,374.99754684448243,839.6989322566986
180,-1043.3170095706582,370.4865919494629,729.2345905447006
181,-1265.3263079164453,371.5110568237305,744.5247633981704
182,-1002.419625906604,374.19828689575195,583.7473536729813
183,-1192.954503694183,377.1464375305176,733.8970535945892
184,-1053.8213022801676,376.22484924316404,677.9673715496064
185,-1238.6613457101175,376.6054202270508,656.096478023529
186,-1151.6620154457373,374.58945968627927,775.9295559167862
187,-956.3220922309757,373.02525344848635,647.0115704250336
188,-915.1774767520744,372.7859127807617,766.3685458755493
189,-1110.5239651196323,371.99819076538085,689.7853389167785
190,-1073.691973083362,373.6335893249512,640.96889585495
191,-1179.5647935227191,374.7354248046875,650.3951830101013
192,-903.9783643090472,372.68594512939455,694.1805922746659
193,-1181.715180552215,369.559933013916,689.104803495407
194,-1130.8517351212524,370.81113235473634,674.5039899730682
195,-1024.2488321480703,372.60368560791017,614.4677734708786
196,-995.5117750858154,375.43317779541013,673.2674953889847
197,-1123.048506250381,374.14232513427737,777.9424287986756
198,-1047.2840226175047,369.39076080322263,712.4922370004654
199,-938.4414044805,366.6627519226074,726.9323120880127
200,-812.366779391438,368.09611724853517,660.0060014915466
201,-1016.2747151184242,368.5829954528809,686.446805973053
202,-895.9746580518236,368.6075665283203,722.9383958244324
203,-1156.3152969362634,366.4267362976074,737.0917511940003
204,-920.1046918705019,366.277088470459,661.0023705387116
205,-930.9697441313688,366.6812237548828,701.5276698207855
206,-997.1116557560731,366.79088638305666,692.225027794838
207,-872.9036962385213,365.71577026367186,680.4467959976196
208,-1115.8870054097588,366.44588470458984,657.0548015117645
209,-1012.3764583823819,364.6569674682617,669.2211162948608
210,-886.2249822611255,367.67766372680666,591.7330495977402
211,-902.9350314089459,369.783916015625,607.6329226064682
212,-901.6814118661858,371.30982315063477,640.6061828374862
213,-915.993948682887,369.504748840332,742.7427410697937
214,-898.3090443467908,363.545584564209,705.0679373645783
215,-1040.302016186531,360.86259231567385,692.5373863887787
216,-888.0185261497234,357.8629067993164,619.9049617576599
217,-1078.493639970664,356.98299499511717,703.3582873296738
218,-1025.5953932604718,355.327440032959,666.2130004310608
219,-1066.9268366626995,351.6866352844238,643.2710248231888
220,-1169.7288863760325,352.83635772705077,577.8673126411438
221,-1042.8062441628265,353.3651875305176,573.0942974281311
222,-1050.3608057006384,351.8915737915039,638.3610001039505
223,-908.5933762337671,353.02738662719725,563.8925926685333
224,-910.9119895835967,355.3159603881836,579.1783494377137
225,-1186.3248088629687,354.25699615478516,621.514095005989
226,-1124.6740871205584,353.0291600036621,574.4015803670883
227,-1005.4519548485171,353.2220979309082,666.1830225563049
228,-947.3209885187355,352.3994480895996,601.9236585283279
229,-972.5379033392397,350.77571334838865,628.2242262506485
230,-910.8131302587359,348.99440475463865,720.9185780239105
231,-926.8644021878993,347.17493133544923,643.268250761032
232,-1023.8204910577224,347.55396392822263,623.132736401558
233,-1197.2310785633285,347.6527659606934,623.2895066595078
234,-893.7710066524768,348.5641358947754,594.5749034452439
235,-1120.5047125644414,350.62390396118167,615.5903255701065
236,-1041.9587282752032,348.1426805114746,688.6884474802017
237,-944.690631354823,346.4694639587402,591.5728834676743
238,-1008.4858578121471,347.0270405578613,542.9275951910018
239,-1080.096419597623,346.92295654296873,605.1457575654983
240,-1221.7252281848046,346.4992918395996,582.9126887845993
241,-881.3289837108047,347.72133056640627,617.6758123016357
242,-911.2170180562077,345.78010665893555,617.9599029636383
243,-1018.578143052527,347.597784576416,550.1357499599457
244,-944.6112455673634,350.11965438842776,555.9913892316819
245,-1015.8660309687167,350.4016104125977,639.7573359584808
246,-1114.2248718533322,348.0466819763184,582.8676059341431
247,-936.2260234201381,348.3737031555176,576.1143439149856
248,-919.0079141236317,348.54506088256835,600.2619166231156
249,-893.9756628381099,347.4380900573731,618.9030583524705
250,-1007.9245237405671,347.3580256652832,557.2023258447647
251,-925.3101454995922,345.9390608215332,648.8450184297561
252,-913.0327499714358,346.50408416748047,564.8435522031784
253,-980.572740624701,348.15979919433596,510.6926461315155
254,-944.9887017193872,348.49395309448244,621.0959877967834
255,-923.5379341060409,345.76750610351564,635.7272534370422
256,-908.2730704622493,342.2490484619141,639.3631638336182
257,-907.6429535849471,342.45600860595704,537.5479219198227
258,-1097.680791793904,345.8822338867187,506.1395553398132
259,-929.2963597807036,347.3005506896973,662.1004745054245
260,-911.5628423205017,346.2626539611816,538.9018388557434
261,-929.998059977981,347.1282731628418,537.3991201210022
262,-1004.2971696108441,347.94805770874024,568.1532257461548
263,-889.9293134536589,346.58397186279296,686.7750613737106
264,-1033.4171071898795,343.6659808349609,564.6929158687592
265,-805.0291676806305,344.1635504150391,505.6305040836334
266,-1026.4542790414462,343.0384762573242,583.4918987417221
267,-1010.6925593729184,341.97316452026365,576.6447013664246
268,-910.8956861488875,343.2098612976074,589.2582496213913
269,-904.3386530080502,343.345199432373,626.6320744323731
270,-922.0947034939919,340.96000564575195,552.9981887865066
271,-1051.6121543899408,340.51000091552737,677.347603058815
272,-920.8657107693698,337.70670349121093,662.3154932022095
273,-932.1099442354338,334.85967834472655,540.3727255249023
274,-919.0431056134643,337.53064849853513,588.8371408796311
275,-931.6387344836165,338.58090240478515,553.0081193208695
276,-888.0104004841174,338.4335353088379,589.4052311658859
277,-917.0264956719561,337.1966191101074,513.2158960580825
278,-899.4546837988253,339.0771987915039,602.8495007419586
279,-886.2467901376981,336.51675857543944,563.5465087985992
280,-991.8451820949567,332.87565383911135,660.29311293602
281,-995.3805255588123,331.8277658081055,571.0159242725372
282,-1045.71641447251,332.7693214416504,517.7190180158615
283,-932.0735740160922,334.2831585693359,499.0149452018738
284,-920.4402813363795,335.5098246765137,553.8014345645904
285,-942.7764296248802,333.9377897644043,524.257042107582
286,-915.6532022719236,334.4897622680664,506.8533043193817
287,-894.9617578564994,334.74236236572267,585.5976105165481
288,-1003.8693123052925,332.4999990844727,545.1183634567261
289,-935.2295284359274,334.08296966552734,491.65940875053406
290,-917.9762001769275,336.18326034545896,533.0980418872833
291,-799.980329373374,336.3239224243164,517.4263961791992
292,-949.458331705825,336.91219451904294,552.9941734981537
293,-1005.9331011191636,333.89822357177735,537.6825039958953
294,-891.4083440662557,334.9093197631836,552.1646564054489
295,-996.788177208257,335.57700775146486,544.0997138643265
296,-1027.2156310541577,335.0673902893066,625.1439921665192
297,-1002.528470307268,333.2887866210938,572.4309652662278
298,-1062.8326099363235,332.4500358581543,537.4878795480728
299,-1027.436259564683,333.8987403869629,490.21128694534303
300,-1016.9401138635293,333.6351274108887,514.6003473901749
301,-1051.4998599860098,332.628614654541,594.1767480325699
302,-1110.6304500420074,330.0920669555664,584.3683337593079
303,-1077.7859159547265,326.973330078125,560.3442816209794
304,-957.7815535160698,326.48349700927736,480.03253410816194
305,-990.407947447673,330.7033467102051,495.7409884023666
306,-1018.8715311269569,330.2946737670898,561.0267783546448
307,-913.0369843242216,329.88327850341796,481.8688969421387
308,-1067.3672257400813,330.1314810180664,576.16087870121
309,-1049.2762472744657,329.56650695800784,498.26287176609037
310,-1073.3851513018258,330.4382164001465,482.94898723602296
311,-1084.0431413115214,331.92385650634765,525.6230924987793
312,-1093.5579740492137,329.9732991027832,545.911882891655
313,-1026.2065335669017,329.052113494873,507.5737059831619
314,-1080.3266300656353,330.33097259521486,514.1850029659271
315,-1060.7669819248104,331.89218521118164,536.7355774259568
316,-1250.4344704882694,328.80205017089844,590.9607274007798
317,-1251.4847336212395,329.2191633605957,526.3726058149338
318,-1084.9708032243318,326.87641662597656,557.7061606216431
319,-1046.0572447949512,325.0749224853516,550.4069668054581
320,-977.5907649320226,325.61699111938475,480.67351410865786
321,-1055.8025280198879,329.6082354736328,435.0253333806992
322,-981.5681419959247,331.3524073791504,604.6073019266129
323,-1147.4277851714933,330.3469338989258,487.60082115650175
324,-1121.6513740852029,331.81211517333986,474.4848613333702
325,-1121.2011185726985,331.31982482910155,603.5148580026627
326,-1075.352672066776,332.61301788330076,499.5683717250824
327,-1062.104908863817,334.2226725769043,528.4295264291763
328,-1073.054198162777,332.89023834228516,550.1828800630569
329,-1264.0452168376205,330.9296342468262,580.8081041002274
330,-1044.2388548900403,331.461374206543,437.4261767721176
331,-1086.638139754954,334.2104716491699,566.7238068246842
332,-1123.9838285752726,335.30223175048826,471.1176687097549
333,-1083.2337537636533,337.4396403503418,509.30007846355437
334,-1061.5598197005147,335.3966404724121,580.0611472940445
335,-1039.4091770214457,333.00241165161134,552.5319076347351
336,-1053.5080085212671,332.55460540771486,548.4525014400482
337,-1083.2495011707854,334.3257580566406,495.00322529315946
338,-1093.1500791797946,336.466125793457,482.2337435007095
339,-1211.5504402818483,335.62639541625975,610.5586144495011
340,-1085.2169562495042,332.2837786865234,547.6622931718827
341,-1053.9737033041888,333.497054901123,533.3573764133454
342,-1165.2479353800975,334.2203814697266,536.7162694692612
343,-1163.8373646677505,333.8282667541504,544.4394369268417
344,-1219.0939969852188,334.2805288696289,546.3031984186173
345,-1167.5773003469312,331.45995986938476,592.1526371717453
346,-1041.7702086111408,330.4092114257812,520.1701233243942
347,-1149.7290235885362,332.720569152832,523.1485443687438
348,-1158.5207939254212,332.32618881225585,512.1316281366348
349,-1062.9295075990337,332.40289443969726,498.4317692661285
350,-1134.148422449615,336.7067906188965,464.6819543027878
351,-1088.181644461319,335.9943583679199,527.0447660589218
352,-1144.9339952686432,335.3380973815918,566.1563382053375
353,-1106.0220150366988,335.7502117919922,514.7202476549148
354,-1110.3490555383232,336.6482972717285,469.9016462755203
355,-931.3156599946914,335.01131881713866,579.5574924707413
356,-1074.7253037393402,331.5501481628418,575.7697295093536
357,-1125.3851016489175,328.23941452026367,530.0967981672287
358,-1213.2968728536232,331.49030639648436,489.7197551727295
359,-1267.0761822658458,332.6251382446289,507.9407416152954
360,-1200.201705522243,330.8643096923828,556.8440044593812
361,-1226.8554764449868,327.5571734619141,502.64094089984894
362,-1187.3360753922266,328.7333772277832,481.4452749729156
363,-1182.9454840012638,327.47962158203126,570.9994313430786
364,-1162.9970366579423,326.59713455200193,495.0824007606506
365,-1196.6015962090562,327.98785400390625,599.7654408216476
366,-1200.313486995886,325.5208023071289,544.8918857431412
367,-1156.8639150104511,326.2117973327637,556.4660376930237
368,-1170.4700968823543,323.66328170776364,534.8367979907989
369,-1171.6051532759122,323.36190872192384,510.97886712551116
370,-1189.6299998320233,323.0705975341797,471.8796458387375
371,-1215.8253739851436,322.1086178588867,493.67699368476866
372,-1193.448431270215,323.627208404541,479.541710062027
373,-1137.143928855565,323.9129219055176,520.6627170753479
374,-1207.9960050216002,322.4048469543457,634.0548044395447
375,-1210.7341554517502,320.5478289794922,473.09977408885953
376,-1209.6004275251616,321.90081619262696,565.1433036708831
377,-1232.8380939703152,321.55511779785155,501.9996178150177
378,-1216.8698929835402,323.4833631896973,469.38491390228273
379,-1220.577637521044,324.91697830200195,525.5888091373444
380,-1239.0478113382997,324.12152587890625,533.9428737354278
381,-1177.1415794104942,326.639203338623,391.08569144248963
382,-1213.2796158627962,330.347594909668,473.980391497612
383,-1090.4533282657185,329.04446899414063,529.4609515714645
384,-1175.3589117225877,329.28420196533204,584.498488855362
385,-1184.496485773168,330.3204234313965,485.7926102256775
386,-1239.8611074376881,333.4959420776367,569.6310361862182
387,-1210.0571469740814,331.2590478515625,438.90464107990266
388,-1203.7920516847487,334.0868858337402,452.91139264583586
389,-1215.7579231887964,334.27002639770507,526.1533946800232
390,-1184.704787223617,332.1171908569336,572.4706661653519
391,-1201.4445749168726,330.25212814331053,547.2871193122863
392,-1089.2729135041216,328.21235397338864,529.1982564449311
393,-1228.0985912299575,329.9927684020996,515.5218840694428
394,-1206.3835297070234,330.2402066040039,552.9203999567031
395,-1189.4124377673668,330.0986553955078,495.5112443256378
396,-1193.3311249666417,329.65954223632815,568.9668815946579
397,-1204.4865837745713,327.85258071899415,512.2615235662461
398,-1226.5678557474964,330.18429779052735,533.8552142429352
399,-1197.2163481229413,330.854919128418,516.6989978790283
400,-1214.5058122020234,331.2497775268555,565.7140578508377
401,-1200.8079558438324,326.7150984191895,516.2482753753662
402,-1131.693286864987,327.62319427490235,460.53207338809966
403,-1208.8119429887643,330.2911416625977,435.9712113237381
404,-1258.0043296496053,331.62573532104494,534.7794892024993
405,-1184.7721592298467,326.392939453125,579.7704547834396
406,-1121.722699580951,326.27296295166013,525.3428204107285
407,-1199.5679754631992,329.0290835571289,411.9108522558212
408,-1201.651852232378,333.09582901000977,434.1316415119171
409,-1229.8585330480357,332.61113494873047,495.9553265857696
410,-1183.9519890130653,328.89039871215823,502.2239434146881
411,-1187.2455901003364,327.71157806396485,537.4698361349106
412,-1262.1641019501874,326.9353274536133,517.3294637393951
413,-1193.8713744882773,327.70377029418944,536.4677728700638
414,-1342.9158027073524,326.83187728881836,511.588440694809
415,-1208.1974927203446,326.5044596862793,481.09698736667633
416,-1183.641309810626,327.05519668579103,522.5175875043869
417,-1185.055746880989,326.30794616699217,538.1490943670273
418,-1200.3577198620385,324.40837966918946,531.5143406772613
419,-1204.508289446322,324.07691467285156,484.3499804019928
420,-1155.2886419569138,324.02947555541994,518.2009885454178
421,-1196.5981170698246,323.0892108154297,544.4804773044586
422,-1163.0237652034828,319.67355545043944,533.9931129741668
423,-1183.1607710996002,321.0340057373047,518.9076317501068
424,-1194.5560872627007,320.94732971191405,540.2511414909363
425,-1235.3314685256191,321.1876446533203,497.0675799751282
426,-1157.2549605466038,318.178846282959,576.502553191185
427,-1160.9988852478516,316.670837097168,477.69436519622803
428,-1109.8390139403873,318.6526873779297,456.6679726886749
429,-1126.004723093883,323.9499903869629,453.64999609947205
430,-1287.0463097660547,323.4675355529785,454.49357635974883
431,-1082.6518141982037,321.2147329711914,488.87900580883024
432,-1123.4759685458487,321.4690258789062,531.7026161003113
433,-1176.269627147879,323.01078826904296,497.498138961792
434,-1207.9846116626982,322.04397247314455,538.7225278997421
435,-1204.2408312797647,320.62298583984375,504.2999349021912
436,-1194.833739051986,319.6990069580078,469.89165132045747
437,-1192.7786154087323,319.46511932373045,532.6545087528228
438,-1186.1787768139163,318.85395782470704,460.72452419757843
439,-1214.1396936074646,322.7037092590332,512.5201692771911
440,-1209.3892658317527,319.3241064453125,497.74196338653564
441,-1239.6037283821013,319.45622146606445,522.4198743104935
442,-1208.9004251325453,320.6808985900879,496.5307363462448
443,-1197.7267160823096,319.7705012512207,501.54917098522185
444,-1048.4768092994168,317.7285543823242,515.2204229640961
445,-1186.902740869664,319.0267118835449,452.13001334667206
446,-1193.4879830704215,317.62272720336915,558.3132148885727
447,-1175.8523684343008,315.21559265136716,488.5252569770813
448,-1194.6345445523098,315.7604499816895,475.2672267770767
449,-1086.3837224800104,316.49321975708006,497.0646652531624
450,-1200.7838219538069,316.34700729370115,496.6047221660614
451,-1174.3367689451482,314.4512393188477,486.2332494330406
452,-1204.161779931454,313.56580184936524,510.7297153544426
453,-1181.1914050550233,313.35489334106444,511.2445013904572
454,-1166.8479260733584,314.4271781921387,471.16381320714953
455,-1192.9997470138946,312.51730682373045,549.1064703440666
456,-1182.0791170663792,312.0787077331543,445.7859853243828
457,-1187.7504078535067,311.87018661499025,480.70133004665377
458,-1196.7361500670097,313.3809872436523,457.1798109602928
459,-1185.3842010383912,312.9485220336914,450.7751812696457
460,-1070.4521849296434,312.6886460876465,505.3079863023758
461,-1139.1516749194361,314.20249588012695,477.3212027168274
462,-1181.1743409545545,312.62074813842776,509.11095283031466
463,-1109.8421728761987,310.8704362487793,485.81599367141723
464,-1079.7774934484723,309.3220101928711,529.4868422293663
465,-1180.294029847588,306.18741287231444,490.94458595037463
466,-1192.6442843150464,308.2412240600586,525.3323139643669
467,-1210.9096775715675,309.2192579650879,487.2638705682755
468,-1182.0352322405172,310.36473739624023,449.6722190570831
469,-1210.9338662053628,308.3121051025391,551.1561898374557
470,-1185.759585993957,308.521417388916,410.9916860723495
471,-1143.215197814536,313.84700241088865,462.22360434055327
472,-1144.190235228334,313.4387496948242,491.1736255407333
473,-1074.511665184257,312.66499649047853,462.35629043579104
474,-1203.70120737416,312.1599168395996,462.5434765958786
475,-1085.2084191983324,313.83899963378906,439.94012602090834
476,-1157.9170006549982,313.6492057800293,464.8055399894714
477,-1163.935817938058,318.1313172912598,436.47106101989743
478,-1121.1740074970262,320.8458009338379,466.0180306863785
479,-1177.7786697787367,318.49317962646484,480.21388514995573
480,-1112.7919479503287,317.1524702453613,489.667403845787
481,-1143.0836722910053,312.8180914306641,589.8749813270568
482,-1078.0848690211928,311.1236770629883,384.9455065178871
483,-1129.7287601445423,315.73248641967774,427.91485821008683
484,-1190.2546281932332,317.31535629272463,472.14341189622877
485,-1157.535627345037,317.99610137939453,446.68513355731966
486,-1168.1240585844866,315.7582373046875,500.3343264055252
487,-1065.9854938691522,314.9052619934082,463.40039776563646
488,-1170.533426111423,317.34881408691405,445.16952337265013
489,-1085.8523069618914,315.39855529785154,568.3787670731544
490,-1181.7831845651335,311.80263763427735,503.20639754533767
491,-1157.101063313846,310.13512680053714,550.455476629734
492,-1164.863397817104,308.9337617492676,521.4770144557953
493,-1181.166127278828,308.6085661315918,452.9601407265663
494,-1187.7006975398251,310.00827499389646,441.10287888765333
495,-1217.749754435425,311.93191818237307,401.86760345935824
496,-1258.9624596187232,313.1491502380371,457.96973106861117
497,-1087.3102118116985,312.50748931884766,460.8875577640533
498,-1084.0050657043928,313.3591062927246,502.24723768234253
499,-1161.711528074414,313.1055693054199,471.67157663583754
500,-1164.120232051649,311.10831130981444,516.1331204819679
501,-1138.5370085808552,313.404591217041,453.4224649095535
502,-1142.1413406884474,314.8120164489746,437.83456676483155
503,-1110.2218988994186,312.39934173583987,497.11783579826357
504,-1203.4248350100722,311.1053756713867,461.8365600323677
505,-1174.1921943799828,312.65026657104494,460.611842777729
506,-1138.9080925159312,310.073427734375,528.3011549663544
507,-1198.9773693891173,313.47021942138673,405.41542808771135
508,-1175.847434460819,310.6121142578125,562.6967944693565
509,-1141.8691133813086,309.7901928710937,436.8362895846367
510,-1150.3981982123607,312.09607650756834,419.2942774581909
511,-1181.4672367849464,309.82332092285156,463.06014979600906
512,-1192.3002837858198,309.7926263427734,405.8397232794762
513,-1087.564154335878,312.64040267944335,442.3987524652481
514,-1151.549951945208,311.01259811401366,520.977738571167
515,-1139.2181718288368,310.4883728027344,447.82638013362885
516,-1117.854583492174,311.1005798339844,477.1462169981003
517,-1151.5457060286083,311.1825700378418,443.56180946826936
518,-1099.4133403821095,312.59838439941404,417.0619261813164
519,-1061.1196378348595,310.384766998291,545.2564546108246
520,-1063.4326907339043,309.2842434692383,438.4461096405983
521,-943.2852006945319,311.66355987548826,390.5312854409218
522,-932.4861473542271,310.4850198364258,490.75000676393506
523,-1074.085635159144,309.83423110961917,427.96668053150177
524,-1054.1938720650614,310.6452500915527,449.76246273756027
525,-1057.9777910649602,310.45767364501955,408.01847630262375
526,-1040.9280555312732,313.08060180664063,451.8969693422317
527,-1066.6629834346707,311.51969284057617,495.4973483133316
528,-1204.9494404951874,312.29736251831054,416.8846531772613
529,-1083.569429178008,314.91401611328126,442.32433086156846
530,-1082.8549725341209,312.0726644897461,507.78989699363706
531,-1061.667791552627,310.27959182739255,462.07022645711896
532,-1213.1673036419663,310.74089599609374,448.1423284602165
533,-1067.1587891222514,312.739737701416,436.07626919269563
534,-1168.2823433057267,312.45663619995116,428.7254500937462
535,-1163.333247360671,313.76130249023436,474.7169902086258
536,-1071.9462756018063,310.87995620727537,502.6278542852402
537,-1060.4913476095498,310.44886108398435,443.6710218954086
538,-1049.3525386992974,311.20361083984375,488.7042063164711
539,-1045.2922628971173,309.672184753418,495.7227385544777
540,-1057.5901024181157,311.7182991027832,446.4858354711533
541,-937.0304917106522,309.8078271484375,462.3940111351013
542,-1125.0035783266992,308.65717041015625,515.3139180541039
543,-1034.535837450362,308.00515838623045,387.61561999320986
544,-1055.170882106643,312.75003280639646,434.51717020511626
545,-1057.3195167052227,310.4478834533691,502.45141641139986
546,-1112.0890440074493,309.3484608459473,474.83480006694793
547,-1162.3511855723566,313.7314532470703,435.0451401591301
548,-1058.8863005454305,310.82354904174804,493.26412348747255
549,-1051.8075028741064,309.37399337768557,489.6336580657959
550,-1053.0030230346877,308.7346380615234,479.9108586072922
551,-1031.241238511561,305.74090759277345,547.0248894119263
552,-1042.7765873656201,302.72066055297853,462.02250326156616
553,-1039.1883357884512,304.8965922546387,468.3221060180664
554,-1053.1490854166348,306.03795471191404,392.8380036234856
555,-1049.7881339503267,305.82956359863283,507.5512742829323
556,-909.6691309060823,305.1735713195801,407.28257332324984
557,-1051.1227392477228,308.8256723022461,385.4825947213173
558,-1034.3958154357476,308.16205352783203,460.39865682125094
559,-1035.394901588228,305.10059158325197,471.2719132733345
560,-1052.6245477714342,304.6688006591797,427.4602189850807
561,-1038.9482919343313,307.0878439331055,450.388162343502
562,-1012.6978435565192,305.3884503173828,503.95337466955186
563,-919.9706706509577,302.41624801635743,445.4714004826546
564,-1103.0626546571561,305.5125212097168,395.94424617767334
565,-1047.3911416317314,310.04375259399416,436.68677451372145
566,-1051.9787703214974,308.89429702758787,497.88747609615325
567,-1043.4581993199604,303.3972134399414,506.57046699523926
568,-1047.5687460643028,302.9216299438477,396.5287200331688
569,-780.1729412949823,308.64179748535156,417.1493608212471
570,-1043.6538669905403,310.66442276000976,453.61800456285476
571,-1047.3217161060295,308.8385446166992,492.40239678621293
572,-1074.200232874934,307.4576628112793,416.5428973412514
573,-1131.8135105318374,309.02682922363283,436.1305819225311
574,-950.3473079200888,308.8535054016113,497.40218111276624
575,-1044.9180964773052,307.83889739990235,427.4476246571541
576,-942.3308806143723,310.23044036865235,439.4714755725861
577,-1053.404848649086,312.9801644897461,456.5047411298752
578,-1080.6199765806427,312.0184213256836,437.65324236154555
579,-1053.5198090457172,311.4673649597168,442.23893199920656
580,-1052.2383808121435,308.9952359008789,556.5083477902413
581,-1008.2643203657676,301.7206671142578,483.4659352684021
582,-920.6617130243568,303.8484992980957,397.478704354763
583,-1054.4019257661914,306.2435478210449,499.73740609407423
584,-1089.6779775814973,305.2412300109863,462.08277702093125
585,-1082.7086240205338,304.2517045593262,461.9747492790222
586,-1104.6595408250591,302.5260466003418,415.8950325226784
587,-1180.2603729036587,306.2883947753906,422.95330622196195
588,-1113.319689264723,306.04107009887696,442.8283862662315
589,-1094.9519570356056,309.775390625,419.98277745723726
590,-1058.7000879263737,310.25110595703126,462.86440967321397
591,-1118.8848174691295,307.91542312622073,511.2541895031929
592,-930.7869075886605,307.89755416870116,401.0565895819664
593,-1061.3430533138505,311.14052032470704,397.9690610074997
594,-1093.532492501044,312.35176147460936,481.86728960990905
595,-1082.4982944422907,308.7356913757324,476.28592412233354
596,-1059.0118135246034,307.8564678955078,418.89477902650833
597,-1056.2494182689986,306.83669540405276,437.2246471357346
598,-1066.6597514316215,306.5003660583496,460.72629586935045
599,-1040.679516654675,306.09717163085935,441.57438019514086
600,-1055.1343259952475,307.64503738403323,454.86576386928556
601,-1061.8270115263017,304.6762422180176,377.50505019664763
602,-1095.4053067799935,306.2041162109375,433.7985598254204
603,-1156.3496628550477,306.5290571594238,421.39176543712614
604,-1128.0798396008738,306.7891654968262,491.1709660291672
605,-1076.6740194158094,307.452889251709,355.51124933004377
606,-1072.508985992131,312.84807907104494,440.89226436138154
607,-1132.941078169303,306.4148876953125,503.18961701869966
608,-1041.3134870977635,305.3437126159668,429.0652958226204
609,-1056.8459386388238,304.8991500854492,478.94941053390505
610,-1055.2040756983254,306.731513671875,408.9779713201523
611,-1099.7883212040801,306.8671037292481,462.3848601865768
612,-1165.8609758558853,304.51529037475586,484.69638369321825
613,-1062.7556589207252,302.1941688537598,430.4079376077652
614,-982.8519727752664,303.25123626708984,423.68147308588027
615,-1111.5097692198437,306.47152481079104,461.4818627667427
616,-1143.969999643902,307.8938508605957,442.20799520969393
617,-1016.2777049867949,307.343362121582,448.5181816840172
618,-1075.7736508671687,306.2014729309082,477.62737771272657
619,-1148.5862928693823,303.2218229675293,429.082647061348
620,-1166.4037342388624,306.66374923706053,401.49245041131974
621,-1086.6487258329876,307.5381127929688,470.25157861709596
622,-1143.9040987366209,305.49353530883786,445.9269333600998
623,-1183.009848544182,309.2361715698242,407.50944565057756
624,-1112.1545631498225,308.8838380432129,487.39140318632127
625,-1083.6599704515893,307.89300140380857,407.9704824376106
626,-1167.0187065101907,310.40668655395507,459.440499689579
627,-1159.5980774638688,308.66302139282226,413.66192801237105
628,-1073.611502257085,310.44407775878904,451.08412101984027
629,-1177.7371371706688,311.6169067382813,456.7204367542267
630,-1100.413420632588,308.4514694213867,489.72218351840974
631,-1078.9712689619394,309.1545571899414,455.238579287529
632,-1108.547080901339,309.8343563842773,445.5731017851829
633,-1102.2470174069765,311.91367980957034,428.86905300855636
634,-1076.0650193335955,314.3699444580078,400.1458555841446
635,-1200.7837921378218,313.17115249633787,516.8769517993927
636,-1119.3388397628987,307.6096615600586,508.81263199329373
637,-1060.015739795135,306.9139158630371,447.9026063156128
638,-1056.6900542591525,309.3655432128906,478.93648789167406
639,-1085.917442431809,309.8216683959961,428.97626173734665
640,-1202.374377629111,309.09369369506834,424.98820754289625
641,-1188.1831107006574,306.96573455810545,481.9999911737442
642,-1095.7612574733466,305.78952102661134,509.0229128861427
643,-968.7640018920281,306.38134353637696,430.45031301498415
644,-1107.378629802996,311.24818115234376,408.1676891136169
645,-1194.1383199737363,311.948966217041,471.2305834841728
646,-1192.169387166263,310.36213180541995,461.97047768116
647,-1080.3590040658714,308.3493894958496,456.7937171339989
648,-1134.4046949973122,311.81419692993165,407.3215120697021
649,-1129.7462444549424,316.2885499572754,428.00480006456377
650,-1146.366185117454,316.3190142822266,436.93756165266035
651,-1163.5200745915201,317.59283126831053,463.17020235300066
652,-1077.4537273557876,317.2455421447754,477.7086492609978
653,-1049.3688226362945,312.6096307373047,519.735318145752
654,-955.7338725811915,314.7775294494629,414.3891455602646
655,-1032.5524893318081,316.6760192871094,395.59150396823884
656,-1166.641601641613,317.054217376709,507.19395924806594
657,-1096.2159880636605,312.9270050048828,510.4949139714241
658,-932.8706634141325,312.83234115600584,445.9298074483871
659,-795.5529940850795,313.81824188232423,493.490758767128
660,-920.235961849148,310.929815826416,467.92601320505145
661,-1132.5908109931866,308.1108836364746,465.82393258333207
662,-1179.6842905687395,307.25769989013673,475.59585299015043
663,-1082.74659751882,307.53043884277344,505.6146647787094
664,-1037.852739274567,305.22837432861326,452.3136792778969
665,-1141.4230561283605,307.78159927368165,438.7937127971649
666,-1016.7274032983553,309.69482192993166,489.1573573541641
667,-1156.9085334048132,310.40358627319335,452.1194339632988
668,-993.7050261746274,310.0810189819336,486.8543727374077
669,-1033.4055138943534,308.8064569091797,512.0877381706238
670,-921.9063488577191,308.38576843261717,403.3966448330879
671,-897.0750736687843,310.36106613159177,488.0380648803711
672,-910.7832442276971,314.0534390258789,354.62519753217697
673,-1187.186175484279,318.39538375854494,411.36460461378095
674,-1197.0930864567667,316.66137145996095,427.2728841304779
675,-919.1433370791256,316.62481033325196,541.1493385219574
676,-758.0388737317994,311.4640530395508,476.79703034877775
677,-523.4988747765764,308.3068374633789,469.3370748615265
678,-820.3815750630175,308.47461837768554,401.77166178703305
679,-1009.7066065629865,307.0705624389648,487.65012173175813
680,-1038.6189992909547,308.8122801208496,414.00672260284426
681,-1059.7348593514919,308.4810221862793,462.5176977062225
682,-945.5497091537646,310.8876170349121,411.7047755384445
683,-832.6289718534379,314.13055816650393,399.2200676751137
684,-928.0285110312917,315.79177459716794,479.83393224477766
685,-931.9020054866147,316.4317239379883,385.21375385761263
686,-915.4255664423708,316.3789123535156,515.5572302913665
687,-913.0898790017201,316.63049514770506,435.8263399863243
688,-900.009728360789,315.2462219238281,459.77128873825075
689,-907.2094105773253,313.72162490844727,461.9733211183548
690,-1034.5100441517056,312.1723793029785,456.1943649935722
691,-918.0856379606057,311.8975869750977,485.9648313331604
692,-814.8200496197018,306.52245101928713,476.3432861614227
693,-893.2101743514478,307.43392837524414,433.36482424020767
694,-669.3267878421324,309.43550704956056,435.2986713600159
695,-906.8980216642509,311.50666595458983,412.4953897571564
696,-1159.9410672016345,310.28587783813475,457.1797663259506
697,-1083.248998787852,307.7745422363281,508.7743003058433
698,-926.1341510927949,306.7723727416992,466.9545968103409
699,-1431.733840163313,306.89417098999024,443.4255465769768
700,-825.284547710854,305.76493606567385,404.0214409422874
701,-820.3246496750895,308.04814453125,426.0933233380318
702,-654.0899113665364,306.1858045959473,495.06523463726046
703,-784.758109927692,307.0271434020996,378.62051637887953
704,-940.7479841111294,311.43230728149416,433.4182674360275
705,-1040.226582452848,310.6111721801758,477.02142966508865
706,-955.0739409517627,312.2143505859375,463.6359967112541
707,-922.8970564474535,313.04445373535157,382.26244980096817
708,-835.1097343725924,313.15198043823244,480.716345179081
709,-764.830672095678,312.09269775390624,533.8962854647637
710,-793.253004048077,306.9128135681152,458.99542451381683
711,-786.5775246612022,306.6989640808105,434.61925075769426
712,-649.722195397506,308.0325955200195,389.6341646337509
713,-967.9374199458383,314.26397888183595,393.39573569774626
714,-1160.5378626503853,315.2152735900879,473.68208408117295
715,-1145.9297729288216,314.22291564941406,453.08934298276904
716,-930.2834258402431,314.4297982788086,442.1417702722549
717,-653.4042301622559,313.51858673095705,479.43548315763474
718,-653.8443853083388,309.4083056640625,485.94943491458895
719,-859.3480714909052,308.45925994873045,408.9861354780197
720,-787.6451036583127,309.5429188537598,453.81143812417986
721,-1073.2621321848194,314.6202952575684,383.2339134335518
722,-1080.9814204119632,314.811480255127,495.3204599428177
723,-921.6610276596629,311.4545991516113,479.36759324789045
724,-1052.7605119543093,307.44506149291993,422.5224579620361
725,-785.337388244248,304.59814834594727,446.0999216270447
726,-942.3744600826234,304.5391030883789,427.2524688124657
727,-786.6171310446271,305.17961853027344,476.92630862236024
728,-329.1976658296469,304.87592254638673,411.0165214061737
729,-1005.4969240072139,304.7035467529297,505.0001755619049
730,-623.6967430812058,302.0770910644531,497.56198323726653
731,-5.837297896204215,296.85607406616214,473.70592947006224
732,-399.5344541118023,290.68221298217776,418.21606860637667
733,-263.5235646812624,288.35675567626953,459.4928669714928
734,-134.27917878673446,292.98711685180666,382.60336018800734
735,-137.32693081738654,299.4046618652344,403.9994192147255
736,-1153.2622908862177,301.95222625732424,450.8757795238495
737,-1101.65220030278,300.3478776550293,446.2644962024689
738,-952.2873312196111,304.9615637207031,457.7526943325996
739,-650.2344983934768,303.86510772705077,465.4921946310997
740,-1060.967067334856,299.2644139099121,497.0843833231926
741,-258.2910896496315,293.56079040527345,372.97573288202284
742,-521.1865847336059,298.4606057739258,396.49212471008303
743,-967.2186080536711,304.2624098205566,436.22126484394073
744,-1091.7972717372763,306.7870365905762,459.24770164728164
745,-1160.4305826961584,309.0693049621582,418.82434838294984
746,-872.1035025471783,313.73974456787107,449.6594706940651
747,-794.6334397891546,311.5339210510254,514.1891685724258
748,-768.3565382816543,312.8906219482422,421.95509896278384
749,-663.8341543341602,310.36983978271485,457.8962018966675
750,-661.1633557200689,311.91433013916014,374.60815593719485
751,-977.5262108797001,312.013913269043,498.21866395950315
752,-910.3424005130533,307.0292506408691,451.05072325229645
753,-648.0455765031933,305.16866912841795,458.0205223226547
754,-932.8331601090913,302.82909164428713,392.70219200372696
755,-1056.7399989694031,303.3702111816406,496.13505666971207
756,-946.7980106679397,297.54607025146487,457.45124133348463
757,-951.3788076714591,299.3863055419922,485.08757133483886
758,-777.9332757133037,297.6973208618164,423.3073415350914
759,-528.7815075569928,301.03217163085935,405.17511033535004
760,-942.0026163427993,297.93573486328125,473.3710079336166
761,-439.92302903108794,295.8246940612793,424.2817168354988
762,-261.36375151049253,294.2294010925293,437.1914404129982
763,-1030.2558613992283,293.97062133789063,393.4606139469147
764,-746.9003606138793,298.2657386779785,424.763937766552
765,-1044.9284949279695,298.9963017272949,465.4524252295494
766,-773.177109789408,299.6162727355957,390.0258844566345
767,-255.98520972945903,299.6095538330078,440.8811864733696
768,-847.0248464841475,290.9650553894043,432.03585408449175
769,-815.9760357910366,286.58308074951174,332.816689748764
770,-1068.6884900259547,283.88607147216794,409.1719559597969
771,-1067.2031734981238,286.2151341247559,377.1910329270363
772,-844.6887071625778,290.57917877197264,376.9319092106819
773,-941.8203453341301,297.6411291503906,399.8354841637611
774,-1151.2879200776513,302.7573553466797,401.5126087117195
775,-1027.1323189879595,305.6041941833496,471.7311783838272
776,-647.4310576833568,307.4310758972168,393.15264900922773
777,-263.57170718249995,304.9014936828613,476.29430242061613
778,-553.6811893150862,301.40661193847654,428.82056314468383
779,-6.421703710211305,300.90553802490234,363.2403519320488
780,-135.3431174197671,299.84881057739256,485.0491913676262
781,-564.2991791023453,294.70102844238284,375.3197979140282
782,-1157.559819832613,298.5810888671875,481.4935451459885
783,-647.773512526017,296.4808248901367,461.63266029834745
784,-392.1514432053895,295.62808868408206,441.3897850584984
785,-1549.2351322825034,297.2601463317871,393.15417349100113
786,-517.1085950079114,296.19511917114255,478.81481060028074
787,-532.6378328172453,291.8275944519043,447.98126052856446
788,-853.4430598016751,293.2301286315918,371.2408350920677
789,-272.63637179443725,295.265514831543,418.7125325345993
790,-5.097783293789819,295.50346755981445,437.8384469127655
791,-1200.828685166142,296.04541748046876,424.91852456331253
792,-1562.1498755974865,299.7977540588379,412.27853274583816
793,-1220.5193369685164,300.46382919311526,426.0595172309875
794,-859.0135128877891,301.6177702331543,440.42659655094144
795,-683.769068677356,298.4353085327148,432.6117798137665
796,-893.3762540082464,295.69064376831057,465.71973019361496
797,-1261.8706823818814,291.1925123596191,401.29146585941317
798,-1025.7412261340808,289.15452545166016,407.7097705984116
799,-1240.539963972957,292.2074151611328,397.27068412065506
800,-759.3274844980483,297.34626083374025,439.7432943034172
801,-277.17362432054074,299.1286459350586,463.46198442935946
802,-1565.2648014222257,300.0456639099121,450.98947310209275
803,-1213.877568921018,297.1714147949219,406.9891259360313
804,-1565.4094019633433,291.9630981445313,509.3427382683754
805,-1074.1038742505068,277.71752044677737,425.3693702673912
806,-1338.2713020199046,270.13242050170896,395.7119360947609
807,-1237.7995681326775,270.24172439575193,350.81570554733275
808,-1543.0192027466105,275.89616455078124,392.90529893875123
809,-1567.5969048707466,282.2129066467285,375.42351903438566
810,-1213.9180501060096,284.03019348144534,446.0338108253479
811,-1087.5158093598234,285.709070892334,456.71296374320985
812,-934.9760432542906,288.97322814941407,476.098101875782
813,-249.98221229913995,290.81599060058596,399.8349860548973
814,-1071.0314886579133,295.06754516601563,421.40882659196853
815,-7.159171954406901,297.5892320251465,404.7102749657631
816,-677.99096749355,298.1594058227539,452.54210382938385
817,-769.8811216854361,301.2805632019043,392.4572246813774
818,-779.9894203493084,302.65634841918944,451.0427162957192
819,-757.5676438735692,301.9410972595215,487.7643643641472
820,-1210.337179200103,295.0870654296875,415.6937547802925
821,-1513.4674906247035,293.4575587463379,406.0680084037781
822,-1125.4197330839322,291.5159553527832,407.7140437746048
823,-1174.3164633272706,293.5721731567383,397.28231841802597
824,-881.7892190889731,298.03246292114255,399.0631469321251
825,-1562.8405234342988,302.2285301208496,430.7484524440765
826,-788.1909421090883,299.47001235961915,534.8158354616165
827,-779.5435526334459,300.19532455444335,387.0731550335884
828,-511.4938904638075,299.1832200622559,427.6366051387787
829,-1163.5540385241172,297.47580383300783,429.0486855769157
830,-10.252282696026354,291.5193147277832,414.84122836351395
831,-1024.1416871165204,291.7337861633301,368.5822680830955
832,-998.2623744684396,296.2451736450195,400.26125935554506
833,-762.3511366350705,297.07087768554686,400.0493575286865
834,-765.5146837050321,295.12984329223633,490.2463589859009
835,-402.28736006551424,291.77532424926756,424.36150955677033
836,-133.24637255656233,285.8468955993652,479.73720862865446
837,-1206.0967385726715,279.1036849975586,414.8065098977089
838,-415.315091017392,282.69184967041014,367.140561106205
839,-399.4324499434295,284.69961776733396,370.2525778055191
840,-772.3480586715237,288.00317001342773,381.98260975837707
841,-1049.1450720807336,289.2415599060059,437.0574160194397
842,-282.7891106656462,287.0959976196289,441.1488794541359
843,-411.58147087305224,287.43722747802735,362.89598310709
844,-258.8575163606068,286.493331451416,412.14921413183214
845,-4.818510039966582,283.8123942565918,427.2714567565918
846,-4.673085886033563,282.66665756225586,382.5202569437027
847,-6.641895400426149,285.54843399047854,358.87458993196486
848,-1070.688415786672,289.2243362426758,369.9429637646675
849,-640.5711892187657,289.76843673706054,476.8251262283325
850,-665.1973915134231,286.4154214477539,436.1271351790428
851,-378.27859685357123,284.13071197509765,411.9112917685509
852,-251.4323500025379,282.3348500061035,377.00255828619004
853,-1089.5291509305407,278.75712890625,391.2879436826706
854,-392.9308499231436,273.1979772949219,406.2906886839867
855,-1014.9203305192926,272.9648626708984,365.36232593536374
856,-1064.2520656254455,275.44859588623046,321.9114994168282
857,-529.281543318701,279.5361552429199,383.3046071434021
858,-761.7774665361154,284.13964782714845,339.25406269788743
859,-865.0233019008673,286.7288345336914,442.23146084785463
860,-887.3154982645676,287.4524545288086,378.093522028923
861,-579.724935387446,287.4378559875488,423.1681905889511
862,-471.17120407677163,284.5161079406738,381.8152837085724
863,-369.3147206793655,283.59694076538085,409.9185867094994
864,-6.598981884536501,279.6378479003906,403.616452460289
865,-5.509801145446731,279.83258239746095,335.94612027168273
866,-402.8291208960402,278.41569732666017,406.7959890055656
867,-740.1626455695839,275.7162208557129,397.8845629954338
868,-495.3407011686681,275.19036727905274,392.6970144534111
869,-129.92928420674374,275.10271896362303,326.11194775342943
870,-382.78148910701753,277.5622660827637,384.5488138771057
871,-6.131284979586903,277.4975074768066,420.12251093149183
872,-244.56274564614586,277.3405453491211,398.44230831623076
873,-256.8059597694242,275.3143606567383,366.3665139698982
874,-251.3908225162626,273.0447529602051,407.52441190958024
875,-5.439419487566916,275.11516067504886,338.84386559963224
876,-281.9191161271658,275.36091415405275,370.032428958416
877,-130.4557811136515,273.35197692871094,375.8876564025879
878,-257.6185869329931,271.51938873291016,408.1378089499474
879,-507.0603618795634,270.49705169677736,348.3920898556709
880,-276.0180832495511,271.6224118041992,357.68171585559844
881,-129.09138893984647,273.68492919921874,341.99032695293425
882,-255.15801994060766,275.81586364746096,367.3210485124588
883,-258.5503459082408,274.53309143066406,386.63255326509477
884,-4.82143460210162,272.56558517456057,352.52075825452806
885,-128.65631535611112,270.07467193603514,420.84791581869126
886,-413.44459226220664,267.74034576416017,349.89777183771133
887,-376.63674686169253,268.8808248901367,359.96136216402056
888,-123.20402108344936,270.4216847229004,334.35397201538086
889,-369.1027584998465,271.52521591186525,323.67919880628585
890,-125.61780576924225,271.1474736022949,361.2439909052849
891,-127.86691419406763,269.63281326293946,373.389734518528
892,-656.6291802567354,265.98105911254885,353.57236027002335
893,-390.75458006523104,264.5635270690918,377.3811921977997
894,-385.58557826722796,260.367626953125,338.3803066468239
895,-256.4082856751942,260.01218086242676,320.9245068264008
896,-129.01984415484742,258.76244804382327,350.9419498682022
897,-2.514628052730848,259.59318756103517,297.98989557743073
898,-596.412794066968,261.5801962280273,309.7713937330246
899,-522.6022606314783,261.5020825958252,373.27218621969223
900,-129.40357252807658,258.28905113220213,355.23129855632783
901,-253.55294239892018,256.03205894470216,320.75895051002504
902,-505.0566465929804,253.37775215148926,363.9224617981911
903,-508.8780559841501,252.49228759765626,301.86459151744845
904,-127.9856278720593,250.51158668518067,354.811264898777
905,-524.3255546789485,250.73645484924316,312.91470939159393
906,-373.5359567898179,252.9387949371338,299.74354253530504
907,-130.2134341540871,252.66531837463378,368.1664054775238
908,-3.541876340847615,251.98369247436523,330.9443106126785
909,-391.78319555511064,251.15598724365233,332.13698708057404
910,-130.7767468591715,252.11128898620606,288.10326860904695
911,-470.82711328529336,253.70510887145997,306.5536666822434
912,-369.9390877387717,254.38178489685058,317.1588523197174
913,-505.3744901247389,253.5517984008789,336.60177900791166
914,-635.1449038842313,252.70925422668458,324.2046615743637
915,-253.80930962831712,249.07162979125977,293.43179497241977
916,-517.0374962340237,245.1918544769287,332.2361848592758
917,-493.1089020461584,242.23481315612793,298.94434981107713
918,-129.6349775186241,239.9738247680664,344.4316631412506
919,-128.66517425372058,238.0730307006836,288.50267800807956
920,-373.8831548579492,238.47787643432616,317.39189476966857
921,-380.6101575740132,242.42269500732422,259.54023901939394
922,-633.4124744307156,246.81816047668457,281.2023432302475
923,-802.4224239852505,247.2112899017334,351.5481728506088
924,-630.1934943459315,246.0246174621582,285.8515634536743
925,-254.74061016813886,246.1074494934082,295.0779774618149
926,-254.6368353145479,245.7664059448242,292.59163458824156
927,-6.295335051688083,243.73465316772462,304.5851969718933
928,-632.8783793219217,237.2905718231201,286.5356640434265
929,-7.305923367472566,231.37966201782226,287.58241549730303
930,-388.93773063345407,227.88967933654786,233.0585527420044
931,-133.44512284892767,227.8888653564453,237.22962164402009
932,-872.7918720763744,232.01300239562988,254.35628826141357
933,-877.9008986466318,237.56399734497072,299.6442568540573
934,-772.4250544801621,241.82791175842286,231.81790764808656
935,-987.3331264908355,246.0143035888672,310.8968318748474
936,-779.1810420750573,242.51497848510743,321.3900715637207
937,-585.5381603246972,239.8042197418213,282.17762899398804
938,-981.5801399227136,234.551879196167,272.57917283535005
939,-1035.1613511630994,228.7722540283203,266.70371802330015
940,-918.1064966886912,219.43060302734375,262.5728912162781
941,-1019.2714315636649,212.26894744873047,279.84889852523804
942,-1088.8392952268196,211.34290222167968,210.11048619747163
943,-984.7937051995225,220.90150787353517,237.78073917865754
944,-903.6484175969543,230.54547691345215,264.2474076652527
945,-1170.7150993253106,227.333895111084,298.14802977561953
946,-1025.9061863247641,224.65498153686522,254.56640348434448
947,-783.7202100108757,227.1946312713623,262.1244626331329
948,-774.5271969625868,228.70807258605956,251.76748302936554
949,-985.9819481400211,229.5577700805664,312.66974313259124
950,-910.8272000190905,226.15669593811035,236.54646175384522
951,-1035.6419813985515,225.5130551147461,285.5641820383072
952,-1129.9181707911343,221.08695350646974,276.360727148056
953,-1037.7704072797828,219.38917778015136,233.53841503620149
954,-1003.8781190559928,221.22446685791016,263.75399488925933
955,-1073.8737422251072,223.21757217407227,247.22945182800294
956,-986.7580374804159,228.52178367614746,272.9039330720901
957,-979.6108149624957,226.86766616821288,309.1218522500992
958,-995.1958592996051,227.52516456604005,282.6604724311829
959,-935.2204426426799,227.18904800415038,247.892088599205
960,-1130.256512428726,224.8183901977539,282.40435204029086
961,-872.5295417073063,221.60851226806642,228.12655137062072
962,-904.9007283664383,221.6233289337158,246.70778476238252
963,-997.6151193552164,219.63909133911133,244.80724225997926
964,-10.068744038734344,222.1861727142334,211.13924059867858
965,-994.8196995814225,225.62386886596678,291.0646504163742
966,-786.4527688749338,224.8412427520752,254.69083291053772
967,-1052.7454798950248,224.43015922546385,295.91509141921995
968,-887.5816649880147,221.92285552978515,211.30101935863496
969,-1051.3088527643934,220.48463569641115,234.58627541542054
970,-877.0458854480029,217.08615417480468,244.93601378917694
971,-998.1057490555979,216.14385025024413,232.18119017601012
972,-11.083141448419921,214.16275917053224,261.82696559906003
973,-633.7521851682455,215.066671295166,270.73829113960267
974,-751.0503155159907,214.29351791381836,207.78952510833741
975,-507.52355358142677,217.87260032653808,235.03446643829346
976,-259.6298607227124,219.28403953552245,215.79752242088318
977,-380.5926119863854,222.08345832824708,234.55851984024048
978,-637.7810655841276,223.36373138427734,240.75710004806518
979,-516.8625809340664,220.21738327026367,238.9497536754608
980,-133.05186690380987,217.7652610015869,231.423379778862
981,-522.450034869234,215.6781992340088,227.95658923149108
982,-648.4657119916142,213.61655479431153,241.50122886180878
983,-517.8565115127473,212.53393127441407,260.956964302063
984,-1211.0881156873465,211.59222625732423,228.20194503307343
985,-1115.652876821594,213.64647033691406,255.84490761756896
986,-1090.7443908162968,211.97993392944335,190.2295846939087
987,-256.81450084383397,214.46596481323243,222.66512439727782
988,-1208.6751083324316,212.1451375579834,263.67400315284726
989,-524.195703315261,212.07960052490233,211.88342146873475
990,-1224.8658839215116,210.7597917175293,231.61270088672637
991,-1117.403635601042,210.34622924804688,208.76153832912445
992,-1188.221847948152,207.48590759277343,226.26541914463044
993,-1237.5999015489558,207.47074813842772,225.66304780960084
994,-1168.2886507184594,207.5494320678711,215.68688688278198
995,-1016.55982650779,208.04642562866212,194.34977942943573
996,-372.32434233578294,210.28504104614257,214.17933757781984
997,-841.1198689568655,210.2039023590088,239.59237823963164
998,-1184.0835635451817,208.39615364074706,204.67038258075715
999,-1245.0715050624497,208.00165405273438,228.10800060272217
1000,-1032.976538160736,206.60930679321288,191.52263688087464
